Activated Date,C - Sells Spirits,C - Sells Wine,R - CPG - Beverage - Beer - OOH,R - CPG - Beverage - Beer - Video,R - CPG - Beverage - Wine - OOH,R - CPG - Beverage - Wine - Video,R - CPG - CBD Hemp Ingestibles (Non-THC),R - CPG - Non Food/Beverage - Cannabis (Medical Use),R - CPG - Non Food/Beverage - Cannabis (Recreational Use),R - CPG - Non Food/Beverage - CBD Hemp (Non-THC),R - Automotive - Electric,Retailer - # of Contacts with Email,Contract End Date,Average Daily Impressions,City,County,County Designation,DMA ID - Salesforce,DMA Rank,GTVID,ID - Gbase,ID - TDLinx,Latitude,Longitude,Network,ZIP+4,Program,Retailer ID - Salesforce,Site Name,State,Status,Street,ID - Network Designated,DMA,DMA ID - Gbase,African American Index,African American Percentage,Asian Index,Asian Percentage,Average Household Income,Brand - C-Store,Brand - Fuel,Brand - Restaurant,C - EMV Enabled,C - NFC Enabled,C - Open 24 Hours,C - Sells Beer,C - Sells Diesel Fuel,C - Sells Lottery,C - Vistar Programmatic Enabled,C - Walk Up Enabled,Dispenser Count,Dispenser Make,Dispenser Model,Doing Business As,Female Index,Female Percentage,Hardware Type,Hispanic Index,Hispanic Percentage,ID - Brand,ID - Former GTVID,ID - Gilbarco Sales,ID - GVR,ID - Retailer,Male Index,Male Percentage,Median Age,Monthly Impressions,NFC Installed,NFC Type,R - Alcohol - Drink Responsibly Message,R - Alternative Transportation,R - Associations & NPO - Anti-Smoking,R - Automotive - After Market - Oil,R - CPG - Beverage - Spirits - OOH,R - CPG - Beverage - Spirits - Video,R - CPG - Non Food/Beverage - E-Cigarett,R - Entertainment - Casinos and Gambling,R - Government - Political,R - Recruitment,R - Restaurants - CDR,R - Restaurants - QSR,R - Retail - Automotive Service,R - Retail - Grocery,R - Retail - Grocery with Fuel,Retailer Account Manager,Screen Count,Site Phone Number,Retailer,Retailer ID - Gbase,Schedulable Site,Sellable Site,Unsellable,ID - Salesforce,ZIP,County FIPS,State FIPS,FIPS,Census Tract,Hardware Retrofit,Hardware Screen Ratio,Hardware Screen Class,TZ DST Offset,TZ Raw Offset,TZ ID,TZ Name,Address Quality,Legacy Site ID
,Unknown,Unknown,FALSE,FALSE,FALSE,FALSE,FALSE,TRUE,TRUE,FALSE,FALSE,0,,212.7857235,Caddo Mills,Hunt County,A,a15f400000FkAMBAA3,5,DFG458,5fa964f85b2476571b77d4a4,,33.0636757,-96.2295989,Gilbarco,75135-7452,Standard Applause,0015G00001VHZZaQAP,5fa964f85b2476571b77d4a4,TX,Awaiting Installation,2205 Highway 66,5fa964f85b2476571b77d4a4,Dallas-Ft. Worth TX,5654b4ba709e6e099c8a007d,24.18,3.05,8.97,0.5,87841,Undetermined,Undetermined,,Unknown,Unknown,No,Unknown,Unknown,Unknown,FALSE,Unknown,,,,,99.74952995,50.72758037,Flex Pay IV - 10.4 Inch,60.91,11.56,,,SG0202950,287050,,100.2591847,49.27241963,36.8,6473,Unknown,,FALSE,FALSE,FALSE,FALSE,FALSE,FALSE,FALSE,FALSE,FALSE,FALSE,FALSE,FALSE,FALSE,FALSE,FALSE,Laura Robertson,0,,Caddo USA Investments Inc,5fa95fa7077a7a37a218966f,TRUE,FALSE,FALSE,a0x5G000005rdLAQAY,75135,48231,48,4.8232E+14,48231961400,,,,3600,-21600,America/Chicago,Central Daylight Time,ROOFTOP,9999999
11/11/20,No,Yes,FALSE,FALSE,FALSE,FALSE,TRUE,TRUE,TRUE,FALSE,FALSE,1,11/10/28,51.07782101,Savannah,Chatham County,C,a15f400000FkANQAA3,91,SVG204,5fa965a5e04a38d2a2826f32,1439800,32.0563426,-81.0620328,Gilbarco,31404-2653,Standard Applause,0015G00001VHZZzQAP,5fa965a5e04a38d2a2826f32,GA,Active,902 Pennsylvania Avenue,5fa965a5e04a38d2a2826f32,Savannah GA,5654b767709e6e099c8a00e0,542.63,68.43,20.56,1.15,58509,A1 Food Corner,El Cheapo,,Unknown,Unknown,No,Yes,Unknown,Yes,TRUE,Unknown,4,,,,106.0514899,53.9324394,Flex Pay IV - 10.4 Inch,13.18,2.5,,,206461,206461,,93.73795933,46.0675606,32.1,1554,Unknown,,FALSE,FALSE,FALSE,FALSE,FALSE,FALSE,FALSE,FALSE,FALSE,FALSE,FALSE,FALSE,FALSE,FALSE,FALSE,Veronica Briones,8,,J&M Oil (Penn Ave Marathon),5fa95ffabe3a6b0a9e1626fe,TRUE,TRUE,FALSE,a0x5G000005rdLKQAY,31404,13051,13,1.3051E+14,13051003602,,,,3600,-18000,America/New_York,Eastern Daylight Time,ROOFTOP,9999999
11/11/20,No,Yes,FALSE,FALSE,FALSE,FALSE,FALSE,TRUE,TRUE,FALSE,TRUE,5,11/10/25,243.9932886,Taft,San Patricio County,B,a15f400000FkAOWAA3,130,CCG060,5fa97143e2ecf8f7bcd00c2e,220334,27.978897,-97.398171,Gilbarco,78390,Standard Applause,001f400000pqqkpAAA,5fa97143e2ecf8f7bcd00c2e,TX,Active,302 US Highway 181,5fa97143e2ecf8f7bcd00c2e,Corpus Christi TX,5654b792709e6e099c8a0105,4.19,0.53,0,0,60411,Circle K,Valero,,Unknown,Yes,No,Yes,Unknown,Yes,TRUE,Unknown,3,,,,98.77401267,50.23148148,Flex Pay IV - 10.4 Inch,430.62,81.69,,,229884,229884,2740036,101.2686434,49.76851852,35.3,7422,Yes,,FALSE,FALSE,FALSE,FALSE,FALSE,FALSE,FALSE,FALSE,TRUE,TRUE,TRUE,TRUE,FALSE,TRUE,TRUE,Laura Robertson,6,,Circle K Texas,5a148a18e026541000c3a910,TRUE,TRUE,FALSE,a0x5G000005rdOEQAY,78390,48409,48,4.8409E+14,48409010800,,,,3600,-21600,America/Chicago,Central Daylight Time,RANGE_INTERPOLATED,9999999
11/11/20,No,Yes,TRUE,FALSE,TRUE,FALSE,TRUE,TRUE,TRUE,FALSE,FALSE,64,11/10/28,361.9899329,Shelby,Cleveland County,C,a15f400000FkAMSAA3,22,CAG381,5fa978b0e04a38c70c8285c0,192120,35.265401,-81.479221,Gilbarco,28152,Standard Applause,001f400000pqn4jAAA,5fa978b0e04a38c70c8285c0,NC,Active,2040 E Dixon Blvd,5fa978b0e04a38c70c8285c0,Charlotte NC,5654b4dc709e6e099c8a0099,161.43,20.36,9.6,0.54,58783,Scotchman,Exxon,,Unknown,Yes,No,Yes,Unknown,Yes,TRUE,Unknown,5,,,,102.1863981,51.9668486,Flex Pay IV - 10.4 Inch,24.08,4.57,,,SG1582418,161589,,97.73753015,48.0331514,38.4,11012,Unknown,,FALSE,FALSE,FALSE,TRUE,FALSE,FALSE,FALSE,FALSE,TRUE,FALSE,FALSE,FALSE,FALSE,FALSE,FALSE,Veronica Briones,10,,"GPM Empire, LLC.",5774574304abbae413224cfe,TRUE,TRUE,FALSE,a0x5G000005rdPRQAY,28152,37045,37,3.7046E+14,37045950700,,,,3600,-18000,America/New_York,Eastern Daylight Time,RANGE_INTERPOLATED,9999999
11/11/20,Yes,Yes,FALSE,FALSE,FALSE,FALSE,FALSE,FALSE,FALSE,FALSE,FALSE,0,11/10/28,600.1077441,Imperial,Jefferson County,A,a15f400000FkAMCAA3,23,SLG238,5fa97d336522224fe4f0cc8f,2072501,38.369512,-90.38617,Gilbarco,63052,Standard Applause,0015G00001VHZaTQAX,5fa97d336522224fe4f0cc8f,MO,Active,1200 Main St,5fa97d336522224fe4f0cc8f,St. Louis MO,5654b4dc709e6e099c8a0096,9.76,1.23,12.17,0.68,86623,Petro Mart,Phillips 66,,Unknown,Yes,No,Yes,Unknown,Yes,TRUE,Unknown,5,,,,97.12476738,49.3927585,Flex Pay IV - 10.4 Inch,14.73,2.79,,,SG0634787,254971,,102.9752712,50.6072415,35.3,18255,Yes,,FALSE,FALSE,FALSE,FALSE,FALSE,FALSE,FALSE,FALSE,FALSE,FALSE,FALSE,FALSE,FALSE,FALSE,FALSE,Mark Hesskamp,10,,"Quick Stuff (of Imperial, MO)",5fa960b1d81755563b43c1a8,TRUE,TRUE,FALSE,a0x5G000005rdQAQAY,63052,29099,29,2.90997E+14,29099700109,,,,3600,-21600,America/Chicago,Central Daylight Time,RANGE_INTERPOLATED,9999999
11/11/20,No,No,TRUE,TRUE,FALSE,FALSE,FALSE,TRUE,TRUE,FALSE,FALSE,1,11/10/28,165.8310811,Sevierville,Sevier County,B,a15f400000FkAP8AAN,62,KNG099,5fa98d936522225e3bf0de22,1631146,35.852619,-83.635635,Gilbarco,37876,Standard Applause,001f400001UqWwYAAV,5fa98d936522225e3bf0de22,TN,Active,2093 Chapman Hwy,5fa98d936522225e3bf0de22,Knoxville TN,5654b737709e6e099c8a00c1,2.34,0.3,4.73,0.26,64924,Pk Food Mart,Shell,,Unknown,Yes,No,Yes,Unknown,Yes,TRUE,Unknown,5,,,,100.0198973,50.86507557,Flex Pay IV - 10.4 Inch,16.81,3.19,12780425,,SG1703658,207718,,99.97941042,49.13492443,40.9,5045,Yes,,FALSE,FALSE,FALSE,TRUE,FALSE,FALSE,FALSE,FALSE,TRUE,FALSE,FALSE,FALSE,FALSE,TRUE,TRUE,Paula Sexton,10,,Shiv Parvati GP,5fa4c194be3a6b0f3c14fc0a,TRUE,TRUE,FALSE,a0x5G000005rdUWQAY,37876,47155,47,4.71551E+14,47155080400,,,,3600,-18000,America/New_York,Eastern Daylight Time,RANGE_INTERPOLATED,9999999
11/11/20,No,No,FALSE,FALSE,FALSE,FALSE,FALSE,TRUE,TRUE,FALSE,FALSE,5,11/10/28,394.0180723,Everett,Bedford County,D,a15f400000FkAMLAA3,107,JNG028,5fa98e383a82ab9ea3b7d150,590700,40.026231,-78.447291,Gilbarco,15537,Standard Applause,001f400001JEIKsAAP,5fa98e383a82ab9ea3b7d150,PA,Active,10071 Lincoln Hwy,5fa98e383a82ab9ea3b7d150,Johnstown-Altoona PA,5654b771709e6e099c8a00ec,8.13,1.03,10.7,0.6,64579,Sac Shop,Shell,A&W,Unknown,Yes,Yes,No,Unknown,Yes,TRUE,Unknown,5,,,,101.6076671,51.67253521,Flex Pay IV - 10.4 Inch,8.43,1.6,10071579,,SG1664657,866506,,98.33639702,48.32746479,45.2,11986,Unknown,,FALSE,FALSE,FALSE,TRUE,FALSE,FALSE,FALSE,FALSE,TRUE,FALSE,FALSE,TRUE,FALSE,TRUE,TRUE,Mark Hesskamp,10,8146232989,SAC Energy,5e4ead7d8ea4938181c3d906,TRUE,TRUE,FALSE,a0x5G000005rdUgQAI,15537,42009,42,4.201E+14,42009961000,,,,3600,-18000,America/New_York,Eastern Daylight Time,RANGE_INTERPOLATED,9999999
,Unknown,Unknown,FALSE,FALSE,FALSE,FALSE,FALSE,FALSE,TRUE,FALSE,FALSE,5,,98.73400673,Newport,Jackson County,D,a15f400000FkAN8AAN,59,LRG226,5fa990e5d8a7d768473aa6fb,,35.606005,-91.25916,Gilbarco,72112,Standard Applause,001f400000pqqClAAI,5fa990e5d8a7d768473aa6fb,AR,Awaiting Installation,1623 Malcolm,5fa990e5d8a7d768473aa6fb,Little Rock-Pine Bluff AR,5654b709709e6e099c8a00bc,137.45,17.33,1.49,0.08,47918,Undetermined,Undetermined,,Unknown,Unknown,No,Unknown,Unknown,Unknown,FALSE,Unknown,,,,,99.40773947,50.55376297,Flex Pay IV - 10.4 Inch,23.03,4.37,,,SG1664010,164229,,100.6128672,49.44623703,39.7,3003,Unknown,,FALSE,FALSE,FALSE,FALSE,FALSE,FALSE,FALSE,FALSE,FALSE,FALSE,FALSE,FALSE,FALSE,FALSE,FALSE,Patrick Hamrick,0,,Jordan's Kwik Stop,59ebe45ea0f46f1000f8d0e8,TRUE,FALSE,FALSE,a0x5G000005rdVPQAY,72112,5067,5,5.06748E+13,5067480300,,,,3600,-21600,America/Chicago,Central Daylight Time,RANGE_INTERPOLATED,9999999
11/11/20,No,Yes,FALSE,FALSE,FALSE,FALSE,FALSE,TRUE,TRUE,FALSE,FALSE,64,11/10/28,283.0582192,Rosenberg,Fort Bend County,A,a15f400000FkAMEAA3,8,HOG4A1,5fa992d5e04a38310882a550,1544389,29.5331,-95.778071,Gilbarco,77471,Standard Applause,001f400000pqn4jAAA,5fa992d5e04a38310882a550,TX,Active,26205 Southwest Fwy,5fa992d5e04a38310882a550,Houston TX,5654b4c5709e6e099c8a0082,95.35,12.02,104.93,5.86,68760,Star Stop,Shell,,Unknown,Yes,No,Yes,Unknown,Yes,TRUE,Unknown,6,,,,100.2633925,50.98890497,Flex Pay IV - 10.4 Inch,316.39,60.02,10005009,,SG1687503,192488,,99.7274432,49.01109503,31,8611,Unknown,,FALSE,FALSE,FALSE,TRUE,FALSE,FALSE,FALSE,FALSE,TRUE,FALSE,FALSE,FALSE,FALSE,TRUE,TRUE,Veronica Briones,12,,"GPM Empire, LLC.",5774574304abbae413224cfe,TRUE,TRUE,FALSE,a0x5G000005rdVtQAI,77471,48157,48,4.81577E+14,48157675500,,,,3600,-21600,America/Chicago,Central Daylight Time,RANGE_INTERPOLATED,9999999
11/5/20,No,No,FALSE,FALSE,FALSE,FALSE,FALSE,FALSE,TRUE,FALSE,TRUE,7,11/30/26,381.6763485,Plymouth,Hennepin County,A,a15f400000FkAMxAAN,14,MNW434,5fa99f7d88daf3399618f4ae,481068,45.0647867,-93.4405322,Wayne,55442,IOTV2,001f400000pqoouAAA,5fa99f7d88daf3399618f4ae,MN,Active,12650 County Highway 10,136890,Minneapolis-St. Paul MN,5654b4c5709e6e099c8a0087,25.32,3.19,48.55,2.71,146820,Holiday,Holiday,,No,Yes,No,No,Unknown,Yes,TRUE,Unknown,6,Wayne,Ovation2,Holiday 473,102.4176206,52.08443671,Wayne Integrated 10,19.58,3.71,473,,,,473,97.49826265,47.91556329,41.8,11611,Yes,,FALSE,FALSE,FALSE,FALSE,FALSE,FALSE,FALSE,FALSE,TRUE,TRUE,TRUE,TRUE,FALSE,TRUE,TRUE,Laura Robertson,12,,Holiday Station Stores,59ebbae72d34cb1200cbdaf3,TRUE,TRUE,FALSE,a0x5G000005rdYnQAI,55442,27053,27,2.7053E+14,27053026508,,4:03,,3600,-21600,America/Chicago,Central Daylight Time,ROOFTOP,9999999
11/5/20,No,No,FALSE,FALSE,FALSE,FALSE,TRUE,TRUE,TRUE,FALSE,FALSE,4,11/30/26,214.44,Macon,Twiggs County,C,a15f400000FkAPQAA3,120,MCW091,5fa99f7f7b513a2d560b21a2,652657,32.8500917,-83.4842449,Wayne,31217,IOTV2,001f400000pqnprAAA,5fa99f7f7b513a2d560b21a2,GA,Active,5588 Georgia 57,77341,Macon GA,5654b785709e6e099c8a00fb,462.63,58.34,11.66,0.65,46931,Jet Food Store,Marathon,,Yes,Yes,No,Yes,Unknown,Yes,TRUE,Unknown,,,,Jet Foods 54,104.1085773,52.94437201,Wayne Integrated 10,7.27,1.38,,,,,,95.74847214,47.05562799,36.6,6523,Yes,,FALSE,FALSE,FALSE,FALSE,FALSE,FALSE,FALSE,FALSE,FALSE,FALSE,FALSE,TRUE,FALSE,FALSE,FALSE,Paula Sexton,6,,Jet Foods Inc,57bb0ef33f43a00e005dbe07,TRUE,TRUE,FALSE,a0x5G000005rdYsQAI,31217,13289,13,1.32891E+14,13289060100,,4:03,,3600,-18000,America/New_York,Eastern Daylight Time,ROOFTOP,9999999
11/5/20,No,No,FALSE,FALSE,FALSE,FALSE,FALSE,TRUE,TRUE,FALSE,FALSE,0,11/30/26,230.0100671,Smiths Grove,Edmonson County,D,a15f400000FkAORAA3,179,BGW010,5fa9a21ebcaba9ea95763d02,1616548,37.1312015,-86.2338016,Wayne,42171,IOTV2,001f400001TB1nfAAD,5fa9a21ebcaba9ea95763d02,KY,Active,1990 Chalybeate Road,181823,Bowling Green KY,5654b7d6709e6e099c8a013a,20.3,2.56,1.48,0.08,71114,Chalybeate Food Mart,Marathon,,No,Yes,No,No,Unknown,Yes,TRUE,Unknown,2,Wayne,Ovation2,Chalybeate Food Mart,99.16678072,50.43122351,Wayne Integrated 10,10.23,1.94,,,,,,100.8622096,49.56877649,37.9,6997,Yes,,FALSE,FALSE,FALSE,FALSE,FALSE,FALSE,FALSE,FALSE,FALSE,FALSE,FALSE,FALSE,FALSE,FALSE,FALSE,Mark Hesskamp,4,,Parin Ink,5f6cc3533c0578b26192b066,TRUE,TRUE,FALSE,a0x5G000005rda0QAA,42171,21061,21,2.10619E+14,21061920400,,4:03,,3600,-21600,America/Chicago,Central Daylight Time,ROOFTOP,9999999
11/5/20,No,Yes,FALSE,FALSE,FALSE,FALSE,TRUE,TRUE,TRUE,FALSE,FALSE,1,11/30/26,55.83164983,Chauncey,Dodge County,D,a15f400000FkAPQAA3,120,MCW092,5fa9a2214a58a6138019a995,1817908,32.1061786,-83.0736616,Wayne,31011-3871,IOTV2,001f400001TB29DAAT,5fa9a2214a58a6138019a995,GA,Active,4580 U.S. 341,424693,Macon GA,5654b785709e6e099c8a00fb,145.32,18.33,0,0,64605,Wahl To Wahl Food Mart,Marathon,,Yes,Yes,No,Yes,Unknown,Yes,TRUE,Unknown,2,Wayne,Ovation2,Wahl to Wahl Grocery,95.65580924,48.64572048,Wayne Integrated 10,9.1,1.73,,,,,,104.4953391,51.35427952,39.8,1698,Yes,,FALSE,FALSE,FALSE,FALSE,FALSE,FALSE,FALSE,FALSE,FALSE,FALSE,FALSE,FALSE,FALSE,FALSE,FALSE,Lori Ramirez,4,,Rudra Food Mart 4580 LLC,5f6cc445034190a0147b58bd,TRUE,TRUE,FALSE,a0x5G000005rda5QAA,31011,13091,13,1.3092E+14,13091960500,,4:03,,3600,-18000,America/New_York,Eastern Daylight Time,ROOFTOP,9999999
11/5/20,No,Yes,FALSE,FALSE,FALSE,FALSE,TRUE,TRUE,TRUE,FALSE,FALSE,1,11/30/26,74.55970149,Spartanburg,Spartanburg County,B,a15f400000FkAMZAA3,35,GVW242,5fa9a49d14db37104ce6ca77,636515,34.9097187,-81.9830748,Wayne,29301,IOTV2,0015G00001VHaeeQAD,5fa9a49d14db37104ce6ca77,SC,Active,498 East Blackstock Road,56279,Greenville-Spartanburg-Asheville-Anderson SC-NC,5654b4f1709e6e099c8a00a6,272.21,34.33,73.99,4.13,67126,Sai Mart,Citgo,,No,Yes,No,Yes,Unknown,Yes,TRUE,Unknown,4,Wayne,Ovation2,Sai Mart,101.6086872,51.67305401,Wayne Integrated 10,70.66,13.4,36372601,,,,,98.33534138,48.32694599,36.1,2268,Yes,,FALSE,FALSE,FALSE,FALSE,FALSE,FALSE,FALSE,FALSE,FALSE,FALSE,FALSE,FALSE,FALSE,FALSE,FALSE,Mark Hesskamp,8,,Shree Sai Dev LLC,5fa9a49dbe3a6be1ee1675a5,TRUE,TRUE,FALSE,a0x5G000005rdayQAA,29301,45083,45,4.5083E+14,45083022006,,4:03,,3600,-18000,America/New_York,Eastern Daylight Time,ROOFTOP,9999999
11/5/20,No,Yes,FALSE,FALSE,FALSE,FALSE,TRUE,TRUE,TRUE,FALSE,FALSE,1,11/30/26,133.5740072,Thomson,McDuffie County,D,a15f400000FkANlAAN,112,AGW071,5fa9a6b84ba7cdf1fab7fedf,40622,33.4603901,-82.4992803,Wayne,30824-2939,IOTV2,0015G00001VHaeZQAT,5fa9a6b84ba7cdf1fab7fedf,GA,Temporarily Deactivated,418 Jackson Street,4624,Augusta GA,5654b77c709e6e099c8a00f4,359.75,45.37,9.66,0.54,58857,BP Food Mart,Bp,,Yes,Yes,No,Yes,Unknown,Yes,FALSE,Unknown,3,Wayne,Ovation2,BP Food Mart,104.8292189,53.31085402,Wayne Integrated 10,17.03,3.23,,,,,,95.00275704,46.68914598,38.3,4063,Yes,,FALSE,FALSE,FALSE,FALSE,FALSE,FALSE,FALSE,FALSE,TRUE,FALSE,FALSE,FALSE,FALSE,FALSE,FALSE,Lori Ramirez,6,7065970340,Mahi Krishi Inc,5fa9a49cd81755491043ffd6,TRUE,FALSE,FALSE,a0x5G000005rdbmQAA,30824,13189,13,1.319E+14,13189950400,,4:03,,3600,-18000,America/New_York,Eastern Daylight Time,ROOFTOP,9999999
11/5/20,No,No,FALSE,FALSE,FALSE,FALSE,FALSE,TRUE,TRUE,FALSE,FALSE,1,11/30/26,239.9528796,Milwaukee,Milwaukee County,B,a15f400000FkAOAAA3,37,MWW229,5fa9a6ba88daf3bc6619005b,693443,43.07546037,-87.9670609,Wayne,53216,IOTV2,0015G00001VHaejQAD,5fa9a6ba88daf3bc6619005b,WI,Temporarily Deactivated,3114 N Sherman Blvd,9117,Milwaukee WI,5654b4f1709e6e099c8a00a4,637.48,80.39,46.12,2.58,48263,Citgo,Citgo,,No,Yes,No,No,Unknown,Yes,FALSE,Unknown,4,Wayne,Ovation2,Sherman Gas,109.8803768,55.87961815,Wayne Integrated 10,29.04,5.51,15863116,,,,,89.77585324,44.12038185,32.8,7299,Yes,,FALSE,FALSE,FALSE,FALSE,FALSE,FALSE,FALSE,FALSE,FALSE,FALSE,FALSE,FALSE,FALSE,FALSE,FALSE,Lori Ramirez,8,,Sherman Gas,5fa9a49ebe3a6bf1091675a6,TRUE,FALSE,FALSE,a0x5G000005rdbrQAA,53216,55079,55,5.5079E+14,55079004800,,4:03,,3600,-21600,America/Chicago,Central Daylight Time,RANGE_INTERPOLATED,9999999
11/5/20,No,No,TRUE,TRUE,TRUE,TRUE,FALSE,TRUE,TRUE,FALSE,FALSE,2,11/30/26,178.6564626,Theodore,Mobile County,B,a15f400000FkAOkAAN,57,MPW043,5fa9a6bc00aac41424252dbc,7837126,30.46512077,-88.11438273,Wayne,36582,IOTV2,001f400001TB242AAD,5fa9a6bc00aac41424252dbc,AL,Temporarily Deactivated,10835 Dauphin Island Pkwy,96890,Mobile-Pensacola (Ft. Walton Beach) AL-FL,5654b70a709e6e099c8a00bf,153.33,19.34,35.55,1.99,69891,Shell,Shell,,Yes,Yes,No,No,No,No,FALSE,Unknown,4,Wayne,Ovation2,Greers 28 Fowl River,100.7464584,51.2345679,Wayne Integrated 10,17.57,3.33,10052262,,,,,99.22756993,48.7654321,36.5,5435,Yes,,FALSE,FALSE,FALSE,TRUE,TRUE,TRUE,FALSE,FALSE,TRUE,FALSE,FALSE,FALSE,FALSE,TRUE,TRUE,Lori Ramirez,8,2519730309,Autry Greer and Sons Inc,5f6cc3fb0341906e797b588e,TRUE,FALSE,FALSE,a0x5G000005rdbwQAA,36582,1097,1,1.09701E+13,1097007103,,4:03,,3600,-21600,America/Chicago,Central Daylight Time,RANGE_INTERPOLATED,9999999
11/6/20,No,Yes,FALSE,FALSE,FALSE,FALSE,TRUE,TRUE,TRUE,FALSE,FALSE,1,11/30/26,241.456446,Atlanta,Fulton County,A,a15f400000FkAMDAA3,7,ATW711,5fa9b445dac11dc932e79c65,886918,33.8010737,-84.4073766,Wayne,30318-7716,IOTV2,0015G00001VHaxRQAT,5fa9b445dac11dc932e79c65,GA,Temporarily Deactivated,1695 Northside Drive Northwest,11853,Atlanta GA,5654b4bb709e6e099c8a0081,419.54,52.91,97.11,5.43,90768,Dean Mart,Shell,,Yes,Yes,No,Yes,Yes,No,FALSE,Unknown,4,Wayne,Ovation2,Dean Mart Shell,95.70153084,48.66897217,Wayne Integrated 10,30.07,5.7,10014993,,,,,104.4480267,51.33102783,30.1,7345,Yes,,FALSE,FALSE,FALSE,TRUE,FALSE,FALSE,FALSE,FALSE,TRUE,FALSE,FALSE,FALSE,FALSE,TRUE,TRUE,Mark Hesskamp,8,,Dean Mart Shell,5fa9b444d8175535e843ffe9,TRUE,FALSE,FALSE,a0x5G000005rdfZQAQ,30318,13121,13,1.3121E+14,13121008902,,4:03,,3600,-18000,America/New_York,Eastern Daylight Time,ROOFTOP,9999999
11/6/20,No,No,TRUE,TRUE,FALSE,FALSE,FALSE,TRUE,TRUE,FALSE,FALSE,2,11/30/26,103.3592814,Sharon,Weakley County,D,a15f400000FkAPNAA3,84,PDW073,5fa9b7d40c780301fbb601d6,461238,36.2103384,-88.8235301,Wayne,38255,IOTV2,001f400001DePDjAAN,5fa9b7d40c780301fbb601d6,TN,Temporarily Deactivated,5322 U.S. 45E,114364,Paducah-Cape Girardeau-Harrisburg KY-MO-IL,5654b753709e6e099c8a00d5,49.6,6.26,7.95,0.44,48912,Little General,Independent,,No,Yes,No,Yes,Unknown,Yes,FALSE,Unknown,2,Wayne,Ovation,Little General 28,99.13138522,50.41322314,Wayne Integrated 10,8.93,1.69,,,,,,100.8988367,49.58677686,43.2,3144,Yes,,FALSE,FALSE,FALSE,FALSE,FALSE,FALSE,FALSE,FALSE,FALSE,FALSE,FALSE,TRUE,FALSE,FALSE,FALSE,Mark Hesskamp,4,,Cox Oil Co (of TN),5db315be423d4f7a38ce9e26,TRUE,FALSE,FALSE,a0x5G000005rdgSQAQ,38255,47183,47,4.7184E+14,47183968300,,4:03,,3600,-21600,America/Chicago,Central Daylight Time,RANGE_INTERPOLATED,9999999
11/6/20,No,No,FALSE,FALSE,FALSE,FALSE,FALSE,FALSE,TRUE,FALSE,FALSE,1,11/30/26,55.25167785,Ebony,Brunswick County,D,a15f400000FkANLAA3,56,RPW076,5fa9b7d62cd7384bf0d1ecb5,1724901,36.5761742,-77.9946301,Wayne,23845-2141,IOTV2,001f400000pqrx6AAA,5fa9b7d62cd7384bf0d1ecb5,VA,Active,2967 Hendricks Mill Road,435797,Richmond-Petersburg VA,5654b709709e6e099c8a00bd,345.48,43.57,0,0,76218,Coopers Express,Independent,,Yes,Yes,No,Yes,Unknown,Yes,TRUE,Unknown,2,Wayne,Ovation,Ebony,97.76647989,49.71910112,Wayne Integrated 10,0,0,,,,,,102.3112314,50.28089888,52.3,1681,Yes,,FALSE,FALSE,FALSE,FALSE,FALSE,FALSE,FALSE,FALSE,FALSE,FALSE,FALSE,FALSE,FALSE,FALSE,FALSE,Mark Hesskamp,4,4346366438,Sadler Bros Oil Co Inc,5bc0ebfd55ba9b6115eac49b,TRUE,TRUE,FALSE,a0x5G000005rdgXQAQ,23845,51025,51,5.10259E+14,51025930300,,4:03,,3600,-18000,America/New_York,Eastern Daylight Time,ROOFTOP,9999999
11/6/20,No,No,FALSE,FALSE,FALSE,FALSE,TRUE,TRUE,TRUE,FALSE,FALSE,3,11/30/26,240.1964912,Redford Charter Township,Wayne County,A,a15f400000FkAOYAA3,15,DTW613,5fa9b7d920054272c40eab61,1436869,42.441562,-83.3165147,Wayne,48240-1221,IOTV2,001f400000pqs08AAA,5fa9b7d920054272c40eab61,MI,Active,27353 Eight Mile Road,5284,Detroit MI,5654b4c5709e6e099c8a0084,307.1,38.73,10.71,0.6,66928,Mayar Gas & Food Mart,Marathon,,Yes,Yes,No,No,Unknown,Yes,TRUE,Unknown,4,Wayne,Ovation2,Fast Food & Fuel LLC,100.1829074,50.94797427,Wayne Integrated 10,42.49,8.06,,,,,,99.81072871,49.05202573,36.9,7307,Yes,,FALSE,FALSE,FALSE,FALSE,FALSE,FALSE,FALSE,FALSE,FALSE,FALSE,FALSE,FALSE,FALSE,FALSE,FALSE,Paula Sexton,8,3135411596,Sphinx Petroleum Inc,5bc7aba3247c2e8e16b4641f,TRUE,TRUE,FALSE,a0x5G000005rdgcQAA,48240,26163,26,2.61636E+14,26163554100,,4:03,,3600,-18000,America/Detroit,Eastern Daylight Time,ROOFTOP,9999999
11/11/20,No,Yes,TRUE,FALSE,TRUE,FALSE,FALSE,TRUE,TRUE,FALSE,FALSE,19,11/10/28,297.8888889,Middleburg,Clay County,B,a15f400000FkAMUAA3,43,JVG346,5fa9ba9192575e48f652fb9c,3648260,30.088549,-81.94478,Gilbarco,32068,Standard Applause,001f400000pqozGAAQ,5fa9ba9192575e48f652fb9c,FL,Active,5110 CR 218,5fa9ba9192575e48f652fb9c,Jacksonville FL,5654b4fd709e6e099c8a00b1,42.48,5.36,16.65,0.93,83168,BP,BP,,Unknown,Unknown,No,Yes,Unknown,Yes,TRUE,Unknown,11,,,SFM 268,99.21466324,50.45557414,Flex Pay IV - 10.4 Inch,48.08,9.12,,,278466,278466,,100.8126611,49.54442586,36.4,9062,Unknown,,FALSE,FALSE,FALSE,FALSE,FALSE,FALSE,FALSE,FALSE,TRUE,FALSE,FALSE,FALSE,FALSE,FALSE,FALSE,Veronica Briones,22,,Southeast Petro Distributors,59ebba562d34cb1200cbdadf,TRUE,TRUE,FALSE,a0x5G000005rdh6QAA,32068,12019,12,1.2019E+14,12019030104,,,,3600,-18000,America/New_York,Eastern Daylight Time,RANGE_INTERPOLATED,9999999
9/2/20,No,Yes,FALSE,FALSE,FALSE,FALSE,TRUE,TRUE,TRUE,FALSE,FALSE,64,9/30/26,357.455516,Stockbridge,Henry County,A,a15f400000FkAMDAA3,7,ATW712,5fa9be8d528dbe752a8fe846,860251,33.61153183,-84.16478074,Wayne,30281,IOTV2,001f400000pqn4jAAA,5fa9be8d528dbe752a8fe846,GA,Active,2992 GA-155,17777,Atlanta GA,5654b4bb709e6e099c8a0081,427.52,53.92,80.15,4.48,71537,BP Food Mart,BP,,Yes,Yes,No,Yes,Unknown,Yes,TRUE,Unknown,5,Wayne,Ovation2,Stockbridg e BP,102.8289529,52.29361959,Wayne Integrated 10,47.95,9.1,,,,,,97.07261874,47.70638041,35,10874,Yes,,FALSE,FALSE,FALSE,FALSE,FALSE,FALSE,FALSE,FALSE,TRUE,FALSE,FALSE,FALSE,FALSE,FALSE,FALSE,Veronica Briones,10,,"GPM Empire, LLC.",5774574304abbae413224cfe,TRUE,TRUE,FALSE,a0x5G000005rdhVQAQ,30281,13151,13,1.32471E+14,13247060403,,4:03,,3600,-18000,America/New_York,Eastern Daylight Time,RANGE_INTERPOLATED,9999999
11/6/20,No,No,TRUE,TRUE,FALSE,FALSE,FALSE,TRUE,TRUE,FALSE,FALSE,2,11/30/26,140.7744108,Dresden,Weakley County,D,a15f400000FkAPNAA3,84,PDW074,5fa9be8e528dbec5788fe84a,407846,36.27659482,-88.70932388,Wayne,38225,IOTV2,001f400001DePDjAAN,5fa9be8e528dbec5788fe84a,TN,Active,8603 TN-22,108430,Paducah-Cape Girardeau-Harrisburg KY-MO-IL,5654b753709e6e099c8a00d5,32.02,4.04,0,0,63745,Little General,Marathon,,Yes,Yes,No,Yes,Unknown,Yes,TRUE,Unknown,3,Wayne,Ovation,Little General 26,102.058798,51.90195766,Wayne Integrated 10,12.4,2.35,,,,,,97.86956978,48.09804234,42.7,4282,Yes,,FALSE,FALSE,FALSE,FALSE,FALSE,FALSE,FALSE,FALSE,FALSE,FALSE,FALSE,TRUE,FALSE,FALSE,FALSE,Mark Hesskamp,6,,Cox Oil Co (of TN),5db315be423d4f7a38ce9e26,TRUE,TRUE,FALSE,a0x5G000005rdhaQAA,38225,47183,47,4.7184E+14,47183968400,,4:03,,3600,-21600,America/Chicago,Central Daylight Time,RANGE_INTERPOLATED,9999999
11/6/20,No,Yes,TRUE,FALSE,TRUE,FALSE,FALSE,TRUE,TRUE,FALSE,FALSE,15,11/30/26,324.1791045,Vero Beach,Indian River County,C,a15f400000FkAMtAAN,39,WPW134,5fa9be8f4a364b7681b52ac5,1615556,27.69018635,-80.41313518,Wayne,32967,IOTV2,001f400000pqquTAAQ,5fa9be8f4a364b7681b52ac5,FL,Active,5325 US-1,9315,West Palm Beach-Ft. Pierce FL,5654b4f1709e6e099c8a00a7,172.95,21.81,21.88,1.22,78169,Shell Food Mart,Shell,,Yes,Yes,No,Yes,Yes,Yes,TRUE,Unknown,5,Wayne,Ovation2,GRAND HARBOR SHELL,102.0162416,51.88031561,Wayne Integrated 10,63.89,12.12,10005270,,,,,97.91360689,48.11968439,41.6,9862,Yes,,FALSE,FALSE,FALSE,TRUE,FALSE,FALSE,FALSE,FALSE,TRUE,FALSE,FALSE,FALSE,FALSE,TRUE,TRUE,Paula Sexton,10,7725639577,MACMILLAN OIL COMPANY,59fca6a843f3d411000556d2,TRUE,TRUE,FALSE,a0x5G000005rdhfQAA,32967,12061,12,1.20611E+14,12061050301,,4:03,,3600,-18000,America/New_York,Eastern Daylight Time,RANGE_INTERPOLATED,9999999
11/6/20,No,No,FALSE,FALSE,FALSE,FALSE,FALSE,FALSE,FALSE,FALSE,FALSE,1,11/30/26,115.8981818,Sodus,Wayne County,B,a15f400000FkAMeAAN,77,ROW052,5fa9c33c6ca9ce18da6270f3,648169,43.211629,-76.982589,Wayne,14551-9569,IOTV2,0015G00001VHb0fQAD,5fa9c33c6ca9ce18da6270f3,NY,Active,8449 Ridge Road,430696,Rochester NY,5654b753709e6e099c8a00d2,57.5,7.25,12.28,0.69,68505,Country Corner Store,Independent,,Yes,Yes,No,Yes,Unknown,Yes,TRUE,Unknown,2,Wayne,Ovation2,Country Corner Store,99.24095254,50.46894355,Wayne Integrated 10,38.32,7.27,,,,,,100.7854572,49.53105645,42,3526,Yes,,FALSE,FALSE,FALSE,FALSE,FALSE,FALSE,FALSE,FALSE,FALSE,FALSE,FALSE,FALSE,FALSE,FALSE,FALSE,Lori Ramirez,4,3154833663,Country Corner Store (of NY),5fa9b7d6d817555225440005,TRUE,TRUE,FALSE,a0x5G000005rdiOQAQ,14551,36117,36,3.6117E+14,36117020800,,4:03,,3600,-18000,America/New_York,Eastern Daylight Time,ROOFTOP,9999999
8/24/22,No,Yes,FALSE,FALSE,FALSE,FALSE,TRUE,TRUE,TRUE,FALSE,FALSE,0,8/23/30,160.2807504,Savannah,Chatham County,C,a15f400000FkANQAA3,91,SVG205,5fa9c6eb74a1b338c556619a,,31.983273,-81.1700058,Gilbarco,31419-1964,Standard Applause,0015G00001ai0ZUQAY,5fa9c6eb74a1b338c556619a,GA,Active,14025 Abercorn Street,5fa9c6eb74a1b338c556619a,Savannah GA,5654b767709e6e099c8a00e0,300.36,37.88,64.7,3.61,76181,Shell,Shell,,Unknown,Yes,No,Yes,Unknown,Yes,TRUE,Unknown,,,,,103.8450946,52.81037799,Flex Pay IV - 10.4 Inch,61.31,11.63,,,SG1478587,282141,,96.02112227,47.18962201,31.7,4876,Unknown,,FALSE,FALSE,FALSE,TRUE,FALSE,FALSE,FALSE,FALSE,TRUE,FALSE,FALSE,FALSE,FALSE,TRUE,TRUE,Lori Ramirez,,,Empire Oil,603568fa0b1f7b7c358fc6e7,TRUE,TRUE,FALSE,a0x5G000005rdixQAA,31419,13051,13,1.3051E+14,13051010901,,4:03,,3600,-18000,America/New_York,Eastern Daylight Time,ROOFTOP,9999999
11/9/20,No,No,TRUE,TRUE,FALSE,FALSE,FALSE,TRUE,TRUE,FALSE,FALSE,64,11/30/26,149.1442953,Murfreesboro,Rutherford County,B,a15f400000FkAP3AAN,29,NAW074,5faaa670c39f33aeb9c740cb,1436245,35.9329836,-86.4910511,Wayne,37129-8344,IOTV2,001f400000pqn4jAAA,5faaa670c39f33aeb9c740cb,TN,Active,7604 Old Nashville Highway,29708,Nashville TN,5654b4e6709e6e099c8a009e,99.19,12.51,66.04,3.69,89713,Kountry Korner Market,Marathon,,Yes,Yes,No,Yes,Unknown,Yes,TRUE,Unknown,4,Wayne,Ovation2,Shaban Ventures LLC,98.61717527,50.15172189,Wayne Integrated 10,27.64,5.24,,,,,,101.4309376,49.84827811,35.4,4537,Yes,,FALSE,FALSE,FALSE,FALSE,FALSE,FALSE,FALSE,FALSE,FALSE,FALSE,FALSE,FALSE,FALSE,FALSE,FALSE,Veronica Briones,8,,"GPM Empire, LLC.",5774574304abbae413224cfe,TRUE,TRUE,FALSE,a0x5G000005rdzyQAA,37129,47149,47,4.7149E+14,47149040302,,4:03,,3600,-21600,America/Chicago,Central Daylight Time,RANGE_INTERPOLATED,9999999
11/9/20,No,No,FALSE,FALSE,FALSE,FALSE,TRUE,TRUE,TRUE,FALSE,FALSE,1,11/30/26,158.3387755,Hobart,Lake County,D,a15f400000FkAM9AAN,3,CHW801,5faaa66f528dbe44b9914b85,1543021,41.5393001,-87.2698576,Wayne,46342-2929,IOTV2,0015G00001VHzd6QAD,5faaa66f528dbe44b9914b85,IN,Temporarily Deactivated,801 West Old Ridge Road,81237,Chicago IL,5654b4b9709e6e099c8a007b,45.74,5.77,24.53,1.37,74029,Busy Corner,Amoco,,Yes,Yes,No,No,Unknown,Yes,FALSE,Unknown,4,Wayne,Ovation2,Busy Corner,100.7922231,51.25784151,Wayne Integrated 10,87.48,16.6,,,,,,99.18021296,48.74215849,38.2,4817,Yes,,FALSE,FALSE,FALSE,FALSE,FALSE,FALSE,FALSE,FALSE,FALSE,FALSE,FALSE,FALSE,FALSE,FALSE,FALSE,Paula Sexton,8,2199422596,JMS Bothers LLC,5faaa66ed8175524f0443ba4,TRUE,FALSE,FALSE,a0x5G000005re03QAA,46342,18089,18,1.8089E+14,18089042200,,4:03,,3600,-21600,America/Chicago,Central Daylight Time,ROOFTOP,9999999
11/9/20,No,Yes,TRUE,TRUE,TRUE,TRUE,FALSE,TRUE,TRUE,FALSE,FALSE,20,11/30/26,463.1677852,Pell City,St. Clair County,B,a15f400000FkAN5AAN,45,BIW198,5faaa9fb4729075c7604fefb,1628260,33.61030029,-86.28058731,Wayne,35125,IOTV2,001f400000pqr1TAAQ,5faaa9fb4729075c7604fefb,AL,Active,1640 Little John Dr,82180,Birmingham (Anniston and Tuscaloosa) AL,5654b4fd709e6e099c8a00ac,43.18,5.45,11.94,0.67,62898,Pell City Marathon,Marathon,,Yes,Yes,No,Yes,Unknown,No,TRUE,Unknown,6,Wayne,Ovation2,Pell City Marathon,101.7039495,51.72149962,Wayne Integrated 10,3.52,0.67,,,,,,98.23676458,48.27850038,36.2,14090,Yes,,FALSE,FALSE,FALSE,FALSE,TRUE,TRUE,FALSE,FALSE,FALSE,FALSE,FALSE,FALSE,FALSE,FALSE,FALSE,Paula Sexton,12,2053389938,Moore Oil Company Inc,5ac53e0a8d9f63120052493a,TRUE,TRUE,FALSE,a0x5G000005re0cQAA,35125,1115,1,1.11504E+13,1115040201,,4:03,,3600,-21600,America/Chicago,Central Daylight Time,RANGE_INTERPOLATED,9999999
11/13/20,No,No,TRUE,TRUE,FALSE,FALSE,FALSE,TRUE,TRUE,FALSE,FALSE,2,11/12/28,59.07070707,Murfreesboro,Rutherford County,B,a15f400000FkAP3AAN,29,NAG244,5faaca1bc39f337f93c76d98,496663,35.8296417,-86.375707,Gilbarco,37130-5634,Standard Applause,001f400001Qv23wAAB,5faaca1bc39f337f93c76d98,TN,Active,1121 Bradyville Pike,5faaca1bc39f337f93c76d98,Nashville TN,5654b4e6709e6e099c8a009e,168.25,21.22,40.43,2.26,75749,Kwik Sak,Undetermined,,Unknown,Unknown,No,Yes,Unknown,Yes,TRUE,Unknown,2,,,Kwik Sak 621,99.00236309,50.34760899,Flex Pay IV - 10.4 Inch,58.2,11.04,,,867592,867592,,101.0323479,49.65239101,27.8,1797,Unknown,,FALSE,FALSE,FALSE,FALSE,FALSE,FALSE,FALSE,FALSE,FALSE,FALSE,FALSE,FALSE,FALSE,FALSE,FALSE,Veronica Briones,4,,Reliance Petroleum Holdings,5f3595dd52f5852986dfc5d2,TRUE,TRUE,FALSE,a0x5G000005re8CQAQ,37130,47149,47,4.7149E+14,47149041900,,,,3600,-21600,America/Chicago,Central Daylight Time,ROOFTOP,9999999
11/13/20,No,Yes,FALSE,FALSE,FALSE,FALSE,TRUE,TRUE,TRUE,FALSE,FALSE,2,11/12/28,97.82491582,Cohutta,Whitfield County,C,a15f400000FkAOsAAN,88,COG155,5faaca733af5f24c39b6d83b,1629118,34.9756718,-84.9333984,Gilbarco,30710-9510,Standard Applause,0015G00001VxCvCQAV,5faaca733af5f24c39b6d83b,GA,Active,5414 Cleveland Highway,5faaca733af5f24c39b6d83b,Chattanooga TN,5654b75d709e6e099c8a00dc,16.19,2.04,16.92,0.95,78499,Cohutta Market,Marathon,,Unknown,Unknown,No,Yes,Unknown,Yes,TRUE,Unknown,3,,,,97.32988801,49.49707251,Flex Pay IV - 10.4 Inch,42.62,8.09,,,867406,867406,,102.7630137,50.50292749,39.8,2976,Unknown,,FALSE,FALSE,FALSE,FALSE,FALSE,FALSE,FALSE,FALSE,FALSE,FALSE,FALSE,FALSE,FALSE,FALSE,FALSE,Veronica Briones,6,,The Cohutta Market LLC.,5fb455afd817551005476596,TRUE,TRUE,FALSE,a0x5G000005re8HQAQ,30710,13313,13,1.3313E+14,13313000101,,,,3600,-18000,America/New_York,Eastern Daylight Time,ROOFTOP,9999999
11/17/20,No,No,FALSE,FALSE,FALSE,FALSE,FALSE,TRUE,TRUE,FALSE,FALSE,4,11/16/28,311.033557,Lexington,Fayette County,B,a15f400000FkANNAA3,63,LXG151,5faad1b9937f89d2af33726f,7858084,38.084979,-84.489698,Gilbarco,40511,Standard Applause,001f400000pqra7AAA,5faad1b9937f89d2af33726f,KY,Active,1445 Newtown Center Way,5faad1b9937f89d2af33726f,Lexington KY,5654b737709e6e099c8a00c3,221.76,27.97,29.39,1.64,83663,Estepps,Shell,,Unknown,Yes,No,Yes,Unknown,Yes,TRUE,Yes,5,,,Citation Shell,93.87874722,47.74199635,Flex Pay IV - 10.4 Inch,69.75,13.23,12776970,,Citation7640511,863177,,106.3342308,52.25800365,33.2,9462,Unknown,,FALSE,FALSE,FALSE,TRUE,FALSE,FALSE,FALSE,FALSE,TRUE,TRUE,FALSE,FALSE,FALSE,TRUE,TRUE,Lori Ramirez,10,,"Estepp Energy, LLC",5b58b48886826a0100761aa6,TRUE,TRUE,FALSE,a0x5G000005reA3QAI,40511,21067,21,2.1067E+14,21067003804,0,,,3600,-18000,America/New_York,Eastern Daylight Time,ROOFTOP,9999999
11/12/20,No,No,FALSE,FALSE,FALSE,FALSE,FALSE,TRUE,TRUE,FALSE,FALSE,3,11/11/28,86.96794872,Janesville,Rock County,C,a15f400000FkAO2AAN,81,MDG158,5faad3d135c4fb7dd9ecd0ca,594520,42.6791,-89.003164,Gilbarco,53545,Standard Applause,001f400001H7UNAAA3,5faad3d135c4fb7dd9ecd0ca,WI,Active,1533 E Racine St,5faad3d135c4fb7dd9ecd0ca,Madison WI,5654b753709e6e099c8a00d6,33.48,4.22,16.51,0.92,74694,Mobil,Mobil,,Unknown,Yes,Yes,No,Unknown,No,TRUE,Unknown,2,,,Wurtz Service,99.70108926,50.70294588,Flex Pay IV - 10.4 Inch,14.33,2.72,,,209918,209918,,100.3093108,49.29705412,38.3,2646,Unknown,,FALSE,FALSE,FALSE,TRUE,FALSE,FALSE,FALSE,FALSE,TRUE,FALSE,FALSE,FALSE,TRUE,FALSE,FALSE,Mark Hesskamp,4,,Walts Petroleum Service Co,5e4307b18ea4934868c0d649,TRUE,TRUE,FALSE,a0x5G000005reASQAY,53545,55105,55,5.5105E+14,55105000200,,,,3600,-21600,America/Chicago,Central Daylight Time,RANGE_INTERPOLATED,9999999
1/25/21,No,Yes,FALSE,FALSE,FALSE,FALSE,FALSE,TRUE,TRUE,FALSE,FALSE,2,1/24/29,154.3074324,San Marcos,Hays County,B,a15f400000FkAMHAA3,38,AUG257,5faaf7a56ca9ced97f642427,324943,29.8965154,-97.9105625,Gilbarco,78666-6735,Standard Applause,001f400000sOJIdAAO,5faaf7a56ca9ced97f642427,TX,Temporarily Deactivated,1699 North Interstate 35,5faaf7a56ca9ced97f642427,Austin TX,5654b4f1709e6e099c8a00a8,45.25,5.71,40.15,2.24,59651,Refuel,Shell,,Unknown,Yes,No,Yes,Unknown,Yes,FALSE,Unknown,3,,,,97.64115436,49.65536688,Flex Pay IV - 10.4 Inch,228.13,43.28,10089873,,SG1696188,832589,,102.4409174,50.34463312,23.9,4694,Unknown,,FALSE,FALSE,FALSE,TRUE,FALSE,FALSE,FALSE,FALSE,TRUE,FALSE,FALSE,FALSE,FALSE,TRUE,TRUE,Lori Ramirez,6,5123922010,Embark Energy LLC,5c7702fdbecf3569488d94ce,TRUE,FALSE,FALSE,a0x5G000005reGuQAI,78666,48209,48,4.8209E+14,48209010304,,,,3600,-21600,America/Chicago,Central Daylight Time,ROOFTOP,9999999
11/12/20,Unknown,Unknown,FALSE,FALSE,FALSE,FALSE,FALSE,TRUE,TRUE,FALSE,FALSE,2,11/11/28,378.9416529,Whitehouse Station,Hunterdon County,A,a15f400000FkAO0AAN,1,NYG396,5fab014a528dbe36b591c32f,,40.6157618,-74.7698916,Gilbarco,08889-3724,Standard Applause,001f400000pqs2tAAA,5fab014a528dbe36b591c32f,NJ,Temporarily Deactivated,160 Main Street,5fab014a528dbe36b591c32f,New York NY,5654b4a8709e6e099c8a0079,11.05,1.39,91.07,5.09,151935,Undetermined,Undetermined,,Unknown,Unknown,No,Unknown,Unknown,Unknown,FALSE,Unknown,,,,,101.0056737,51.36639173,Flex Pay IV - 10.4 Inch,51.88,9.84,,,SG1597802,202241,,98.95933569,48.63360827,44.6,11527,Unknown,,FALSE,FALSE,FALSE,FALSE,FALSE,FALSE,FALSE,FALSE,FALSE,FALSE,FALSE,FALSE,FALSE,FALSE,FALSE,Paula Sexton,0,,Creative Management Inc,5be311cc89a4b0abee6f1eb5,TRUE,FALSE,TRUE,a0x5G000005reIvQAI,8889,34019,34,3.4019E+14,34019011100,,,,3600,-18000,America/New_York,Eastern Daylight Time,ROOFTOP,9999999
11/13/20,No,No,FALSE,FALSE,FALSE,FALSE,TRUE,TRUE,TRUE,FALSE,FALSE,4,11/12/28,204.8885135,Vardaman,Calhoun County,D,a15f400000FkANnAAN,133,CTG061,5fab1b524729070232059276,647974,33.8753959,-89.1771291,Gilbarco,38878-8448,Standard Applause,001f400000sOHwkAAG,5fab1b524729070232059276,MS,Active,102 East Sweet Potato Street,5fab1b524729070232059276,Columbus-Tupelo-West Point MS,5654b792709e6e099c8a0109,119.58,15.08,0,0,48090,Vardaman Food Mart,Marathon,,Unknown,Unknown,No,No,Unknown,Yes,TRUE,Unknown,2,,,,97.42627365,49.54608939,Flex Pay IV - 10.4 Inch,95.63,18.14,,,SG1656882,232879,,102.6632745,50.45391061,34.9,6233,Unknown,,FALSE,FALSE,FALSE,FALSE,FALSE,FALSE,FALSE,FALSE,FALSE,FALSE,FALSE,FALSE,FALSE,FALSE,FALSE,Paula Sexton,4,,Graves Oil Company,5c76f15d45e79a28a9661ee3,TRUE,TRUE,FALSE,a0x5G000005reMTQAY,38878,28013,28,2.8014E+14,28013950400,,,,3600,-21600,America/Chicago,Central Daylight Time,ROOFTOP,9999999
11/13/20,No,Yes,FALSE,FALSE,FALSE,FALSE,FALSE,FALSE,TRUE,FALSE,FALSE,64,11/12/28,233.2909091,Richmond,Richmond City,B,a15f400000FkANLAA3,56,RPG134,5fac0d48fe4fae34e5d46174,254733,37.4807471,-77.4800785,Gilbarco,23224-6144,Standard Applause,001f400000pqn4jAAA,5fac0d48fe4fae34e5d46174,VA,Temporarily Deactivated,2700 Broad Rock Boulevard,5fac0d48fe4fae34e5d46174,Richmond-Petersburg VA,5654b709709e6e099c8a00bd,494.72,62.39,9.32,0.52,50714,Speed Mart,Valero,,Unknown,Unknown,No,Yes,Unknown,Yes,FALSE,Unknown,4,,,,101.7478421,51.74382116,Flex Pay IV - 10.4 Inch,83.29,15.8,,,SG1582405,281435,,98.19134485,48.25617884,31.1,7097,Unknown,,FALSE,FALSE,FALSE,FALSE,FALSE,FALSE,FALSE,FALSE,FALSE,FALSE,FALSE,FALSE,FALSE,FALSE,FALSE,Veronica Briones,8,,"GPM Empire, LLC.",5774574304abbae413224cfe,TRUE,FALSE,FALSE,a0x5G000005rek6QAA,23224,51760,51,5.17601E+14,51760070801,,,,3600,-18000,America/New_York,Eastern Daylight Time,ROOFTOP,9999999
11/13/20,Yes,Yes,FALSE,FALSE,FALSE,FALSE,FALSE,FALSE,FALSE,FALSE,FALSE,1,11/12/28,234.2818792,Fenton,St. Louis County,D,a15f400000FkAMCAA3,23,SLG239,5fac0d745446d4944a066d93,1875805,38.5423452,-90.4637086,Gilbarco,63026,Standard Applause,001f400000pqnfoAAA,5fac0d745446d4944a066d93,MO,Temporarily Deactivated,982 South Highway Drive,5fac0d745446d4944a066d93,St. Louis MO,5654b4dc709e6e099c8a0096,8.15,1.03,35.64,1.99,98630,Petro Mart,Phillips 66,,Unknown,Yes,No,Yes,Unknown,Yes,FALSE,Unknown,4,,,,99.84740508,50.77735473,Flex Pay IV - 10.4 Inch,13.33,2.53,,,SG0634757,238944,,100.1579042,49.22264527,38.6,7127,Yes,,FALSE,FALSE,FALSE,FALSE,FALSE,FALSE,FALSE,FALSE,FALSE,FALSE,FALSE,FALSE,FALSE,FALSE,FALSE,Paula Sexton,8,,Petro Mart,5774574604abbae413225372,TRUE,FALSE,FALSE,a0x5G000005rekBQAQ,63026,29189,29,2.91892E+14,29189221423,,,,3600,-21600,America/Chicago,Central Daylight Time,ROOFTOP,9999999
11/13/20,No,No,TRUE,TRUE,TRUE,TRUE,FALSE,FALSE,FALSE,FALSE,FALSE,1,11/12/28,137.6734007,Arvin,Kern County,B,a15f400000FkAO7AAN,125,BAG037,5fac0dc819e57b1bdf65f116,749262,35.252429,-118.843003,Gilbarco,93203,Standard Applause,0015G00001VIVfOQAX,5fac0dc819e57b1bdf65f116,CA,Active,11336 Comanche Dr,5fac0dc819e57b1bdf65f116,Bakersfield CA,5654b792709e6e099c8a0103,5.06,0.64,26.12,1.46,52007,The Barn,Chevron,,Unknown,Yes,No,Yes,Unknown,Yes,TRUE,Unknown,4,,,,94.50591416,48.06094183,Flex Pay IV - 10.4 Inch,492.65,93.46,306898,,SG0633748,254048,,105.6852427,51.93905817,24.2,4188,Unknown,,FALSE,FALSE,FALSE,FALSE,TRUE,TRUE,FALSE,FALSE,TRUE,FALSE,FALSE,FALSE,FALSE,FALSE,FALSE,Lori Ramirez,8,,The Barn IV,5fac0d01d817551fec44a331,TRUE,TRUE,FALSE,a0x5G000005rekaQAA,93203,6029,6,6.02901E+13,6029006202,,,,3600,-28800,America/Los_Angeles,Pacific Daylight Time,RANGE_INTERPOLATED,9999999
,Unknown,Unknown,FALSE,FALSE,FALSE,FALSE,FALSE,FALSE,TRUE,FALSE,FALSE,1,,275.4363146,North Ridgeville,Lorain County,A,a15f400000FkAP9AAN,19,CLG226,5fac1959f566cb610021bd1c,,41.379891,-82.068039,Gilbarco,44039,Standard Applause,001f400001UqIAMAA3,5fac1959f566cb610021bd1c,OH,Awaiting Installation,39479 Center Ridge Rd,5fac1959f566cb610021bd1c,Cleveland-Akron (Canton) OH,5654b4dc709e6e099c8a0094,15.33,1.93,14.46,0.81,91881,Undetermined,Undetermined,,Unknown,Unknown,No,Unknown,Unknown,Unknown,FALSE,Unknown,,,,,100.1513153,50.93190813,Flex Pay IV - 10.4 Inch,28.93,5.49,,,SG0382563,160507,,99.84341998,49.06809187,40.7,8379,Unknown,,FALSE,FALSE,FALSE,FALSE,FALSE,FALSE,FALSE,FALSE,FALSE,FALSE,FALSE,FALSE,FALSE,FALSE,FALSE,Patrick Hamrick,0,,Elyria Service Corporation,5fa42397d81755249b42594d,TRUE,FALSE,FALSE,a0x5G000005reneQAA,44039,39093,39,3.90931E+14,39093080500,,,,3600,-18000,America/New_York,Eastern Daylight Time,RANGE_INTERPOLATED,9999999
12/10/20,No,Yes,FALSE,FALSE,FALSE,FALSE,FALSE,FALSE,TRUE,FALSE,FALSE,1,12/9/28,154.6455224,Gordonsville,Orange County,D,a15f400000FkANLAA3,56,RPG135,5fac25a50231d784bde6be56,676794,38.1713286,-78.2788799,Gilbarco,22942,Standard Applause,001f400001UqI8gAAF,5fac25a50231d784bde6be56,VA,Temporarily Deactivated,5515 Spotswood Trail,5fac25a50231d784bde6be56,Richmond-Petersburg VA,5654b709709e6e099c8a00bd,111.76,14.09,3.75,0.21,80016,Ds Market,Independent,,Unknown,Unknown,No,Yes,Unknown,No,FALSE,Unknown,2,,,,101.8938428,51.81806976,Flex Pay IV - 10.4 Inch,21.2,4.02,,,SG1601585,168760,,98.0402643,48.18193024,42.6,4704,Unknown,,FALSE,FALSE,FALSE,FALSE,FALSE,FALSE,FALSE,FALSE,FALSE,FALSE,FALSE,FALSE,FALSE,FALSE,FALSE,Patrick Hamrick,4,,D's Market LLC,5fa42394d8175516fb42594b,TRUE,FALSE,FALSE,a0x5G000005repfQAA,22942,51137,51,5.11371E+14,51137110300,,,,3600,-18000,America/New_York,Eastern Daylight Time,RANGE_INTERPOLATED,9999999
4/16/21,Yes,Yes,FALSE,FALSE,FALSE,FALSE,FALSE,TRUE,TRUE,FALSE,FALSE,1,4/15/29,360.9064748,Cameron,DeKalb County,D,a15f400000FkAPKAA3,201,SJG012,5fac27e02a08a28b5a088aa9,1667923,39.752545,-94.214996,Gilbarco,64429,Standard Applause,001f400001UqI9nAAF,5fac27e02a08a28b5a088aa9,MO,Active,1514 Bob Griffin Rd,5fac27e02a08a28b5a088aa9,St. Joseph MO,5654b7e8709e6e099c8a014d,70.11,8.84,3.35,0.19,68538,Shell,Shell,Wendy's,Unknown,Yes,No,Yes,Yes,Yes,TRUE,Unknown,,,,AmBest Fuel Stop,73.63077818,37.44490044,Flex Pay IV - 10.4 Inch,14.59,2.77,10014488,,SG1667001,206093,,127.2866916,62.55509956,38.2,10979,Yes,,FALSE,FALSE,FALSE,TRUE,FALSE,FALSE,FALSE,FALSE,TRUE,FALSE,FALSE,TRUE,FALSE,TRUE,TRUE,Mark Hesskamp,7,,"Nam-Ho Development, LLC",5fa42392be3a6bd63614bef2,TRUE,TRUE,FALSE,a0x5G000005req4QAA,64429,29063,29,2.90631E+14,29063080100,,4:03,,3600,-21600,America/Chicago,Central Daylight Time,RANGE_INTERPOLATED,9999999
1/19/21,No,No,TRUE,TRUE,FALSE,FALSE,FALSE,TRUE,TRUE,FALSE,FALSE,0,1/18/29,237.4395604,Crossvile,Cumberland County,D,a15f400000FkAP8AAN,62,KNG100,5fac2db3be62e5ca1f069262,1734721,35.965168,-84.981094,Gilbarco,38571,Standard Applause,001f400001UqI9OAAV,5fac2db3be62e5ca1f069262,TN,Active,601 Peavine Rd,5fac2db3be62e5ca1f069262,Knoxville TN,5654b737709e6e099c8a00c1,0.39,0.05,5.81,0.32,64863,D & D Mart,Exxon,,Unknown,Yes,No,Yes,Unknown,Yes,TRUE,Unknown,4,,,,98.54602834,50.11554015,Flex Pay IV - 10.4 Inch,1.9,0.36,,,SG1686844,123884,,101.50456,49.88445985,43,7223,Unknown,,FALSE,FALSE,FALSE,TRUE,FALSE,FALSE,FALSE,FALSE,TRUE,FALSE,FALSE,FALSE,FALSE,FALSE,FALSE,Veronica Briones,8,9314569130,DND 2 INC.,5fa42390077a7a28f1172fd8,TRUE,TRUE,FALSE,a0x5G000005rerHQAQ,38571,47035,47,4.7036E+14,47035970200,,,,3600,-21600,America/Chicago,Central Daylight Time,RANGE_INTERPOLATED,9999999
11/30/20,No,No,TRUE,TRUE,FALSE,FALSE,FALSE,TRUE,TRUE,FALSE,FALSE,1,11/29/28,57.39864865,Hixon,Hamilton County,B,a15f400000FkAOsAAN,88,COG156,5fac2f70df0c2163b6cdd231,514985,35.121301,-85.257935,Gilbarco,37343,Standard Applause,001f400000pqs90AAA,5fac2f70df0c2163b6cdd231,TN,Temporarily Deactivated,4300 Norcross Rd,5fac2f70df0c2163b6cdd231,Chattanooga TN,5654b75d709e6e099c8a00dc,41.64,5.25,53.37,2.98,96550,Discount Mart,BP,,Unknown,Unknown,No,Yes,Unknown,Yes,FALSE,Unknown,2,,,,101.2849472,51.50841616,Flex Pay IV - 10.4 Inch,25.77,4.89,,,SG1661561,159512,,98.67034535,48.49158384,41.3,1746,Unknown,,FALSE,FALSE,FALSE,FALSE,FALSE,FALSE,FALSE,FALSE,TRUE,FALSE,FALSE,FALSE,FALSE,FALSE,FALSE,Lori Ramirez,4,,Discount Mart,5bf2ddff89a4b0185a723134,TRUE,FALSE,FALSE,a0x5G000005rergQAA,37343,47065,47,4.7065E+14,47065010433,,,,3600,-18000,America/New_York,Eastern Daylight Time,RANGE_INTERPOLATED,9999999
4/16/21,No,Yes,TRUE,TRUE,TRUE,TRUE,FALSE,TRUE,TRUE,FALSE,FALSE,10,4/15/29,57.375,Mobile,Mobile County,B,a15f400000FkAOkAAN,57,MPG208,5fac3097b46a6f4f639ecda3,7479141,30.628554,-88.089527,Gilbarco,36605-3328,Standard Applause,001f400000pqov2AAA,5fac3097b46a6f4f639ecda3,AL,Active,2100 Dauphin Island Parkway,5fac3097b46a6f4f639ecda3,Mobile-Pensacola (Ft. Walton Beach) AL-FL,5654b70a709e6e099c8a00bf,543.26,68.51,9.27,0.52,49910,Chevron,Chevron,,Unknown,Yes,No,Yes,Unknown,No,TRUE,Unknown,,,,,105.4076106,53.60499485,Flex Pay IV - 10.4 Inch,5.17,0.98,,,SGI1485860,229351,,94.40424127,46.39500515,33.2,1745,Yes,,FALSE,FALSE,FALSE,FALSE,TRUE,TRUE,FALSE,FALSE,TRUE,FALSE,FALSE,FALSE,FALSE,FALSE,FALSE,Veronica Briones,,,"KARS PETRO Distributors, LLC",59ebbad8a0f46f1000f8ca71,TRUE,TRUE,FALSE,a0x5G000005rerlQAA,36605,1097,1,1.09701E+13,1097007400,,4:03,,3600,-21600,America/Chicago,Central Daylight Time,ROOFTOP,9999999
,Unknown,Unknown,FALSE,FALSE,FALSE,FALSE,FALSE,TRUE,TRUE,FALSE,FALSE,13,,239.4717052,Dinwiddie,Dinwiddie County,B,a15f400000FkANLAA3,56,RPG136,5fac3946f566cb523a21ea54,,37.078547,-77.585739,Gilbarco,23841,Standard Applause,001f400000pqoOwAAI,5fac3946f566cb523a21ea54,VA,Awaiting Installation,14011 Boydton Plank,5fac3946f566cb523a21ea54,Richmond-Petersburg VA,5654b709709e6e099c8a00bd,235.43,29.69,0,0,95834,Undetermined,Exxon,,Unknown,Yes,No,Unknown,Unknown,Unknown,FALSE,Unknown,,,,,98.74274277,50.21557919,Flex Pay IV - 10.4 Inch,5.57,1.06,,,SG1477152,162502,,101.3010012,49.78442081,43.2,7285,Unknown,,FALSE,FALSE,FALSE,TRUE,FALSE,FALSE,FALSE,FALSE,TRUE,FALSE,FALSE,FALSE,FALSE,FALSE,FALSE,Veronica Briones,0,,Parker Oil Co.,59ebbb3d2d34cb1200cbdb01,TRUE,FALSE,FALSE,a0x5G000005retwQAA,23841,51053,51,5.10538E+14,51053840600,,,,3600,-18000,America/New_York,Eastern Daylight Time,RANGE_INTERPOLATED,9999999
,Unknown,Unknown,FALSE,FALSE,FALSE,FALSE,TRUE,TRUE,TRUE,FALSE,FALSE,1,,175.5639424,Kennesaw,Cobb County,A,a15f400000FkAMDAA3,7,ATW713,5fac47616c6a2d61d56ed17a,,34.0427005,-84.6028954,Wayne,30144-2026,IOTV2,0015G00001VIWl1QAH,5fac47616c6a2d61d56ed17a,GA,Awaiting Installation,3655 Cherokee Street Northwest,18709,Atlanta GA,5654b4bb709e6e099c8a0081,155.64,19.63,113.6,6.35,91486,Undetermined,Citgo,,Unknown,Yes,No,Unknown,Unknown,Unknown,FALSE,Unknown,,,,CITGO,102.1159584,51.93102656,Wayne Integrated 10,69.5,13.18,31819131,,,,,97.81042058,48.06897344,30.2,5341,Yes,,FALSE,FALSE,FALSE,FALSE,FALSE,FALSE,FALSE,FALSE,FALSE,FALSE,FALSE,FALSE,FALSE,FALSE,FALSE,Mark Hesskamp,4,7704248470,INLAW ENTERPRISES INC,5fac46f0d81755c9ab44cc96,TRUE,FALSE,FALSE,a0x5G000005rexUQAQ,30144,13067,13,1.3067E+14,13067030227,,4:03,,3600,-18000,America/New_York,Eastern Daylight Time,ROOFTOP,9999999
10/8/20,No,Yes,FALSE,FALSE,FALSE,FALSE,FALSE,TRUE,TRUE,FALSE,FALSE,4,10/31/26,483.2323232,Scottsdale,Maricopa County,A,a15f400000FkAO6AAN,11,PXW170,5fac4768f763c8d61ba0b717,700043,33.6292127,-111.8868081,Wayne,85260-2868,IOTV2,001f400000pqou1AAA,5fac4768f763c8d61ba0b717,AZ,Active,15752 North Frank Lloyd Wright Boulevard,397630,Phoenix (Prescott) AZ,5654b4c5709e6e099c8a0083,16.75,2.11,139.04,7.77,117480,Super Pumper,Shell,,No,Yes,No,Yes,Yes,Yes,TRUE,Unknown,,,,Superpumper 6,103.5707208,52.67084535,Wayne Integrated 10,47.4,8.99,10015719,,,,,96.30504233,47.32915465,43.1,14700,Yes,,FALSE,FALSE,FALSE,TRUE,FALSE,FALSE,FALSE,FALSE,TRUE,FALSE,FALSE,FALSE,FALSE,TRUE,TRUE,Mark Hesskamp,20,4808602110,"Supermesa Fuel and Merc, LLC",59d2a6e28c51f713008a871d,TRUE,TRUE,FALSE,a0x5G000005rexZQAQ,85260,4013,4,4.01322E+13,4013216850,,4:03,,0,-25200,America/Phoenix,Mountain Standard Time,ROOFTOP,9999999
11/18/20,No,No,FALSE,FALSE,FALSE,FALSE,FALSE,FALSE,FALSE,FALSE,FALSE,4,11/30/26,82.54362416,Armour,Douglas County,D,a15f400000FkAMyAAN,109,SSW123,5fac4875df3b942635bd0ea2,695372,43.3161252,-98.3451882,Wayne,57313,IOTV2,001f400000pqp06AAA,5fac4875df3b942635bd0ea2,SD,Active,507 Braddock Street,97529,Sioux Falls (Mitchell) SD,5654b77c709e6e099c8a00f2,0,0,0,0,73669,Ampride Convenience Store,Cenex,,No,Yes,No,Yes,Unknown,No,TRUE,Unknown,,,,Agland Coop,99.88775043,50.79787234,Wayne Integrated 10,0,0,,,,,,100.1161551,49.20212766,50.5,2511,Yes,,FALSE,FALSE,FALSE,FALSE,FALSE,FALSE,FALSE,FALSE,FALSE,FALSE,FALSE,FALSE,FALSE,FALSE,FALSE,Lori Ramirez,4,,Agland Cooperative,59ebbbcb2d34cb1200cbdb1b,TRUE,TRUE,FALSE,a0x5G000005reyDQAQ,57313,46043,46,4.6044E+14,46043969600,,4:03,,3600,-21600,America/Chicago,Central Daylight Time,ROOFTOP,9999999